            "symptom_text","severity","additional_symptoms","specialization"
"post nasal drip and cough on and off for weeks","medium","throat irritation","ENT"
"joint pain in multiple joints for ten days","medium","stiffness swelling","Orthopedics"
"slight eye strain for a week","low","none","Ophthalmology"
"cataracts cloudy vision for two weeks","medium","glare sensitivity","Ophthalmology"
"baby with diaper rash since yesterday","medium","redness","Pediatrics"
"dry itchy patches of skin for two days","medium","flaking","Dermatology"
"slight ear itching for a day","low","none","ENT"
"occasional chest discomfort after eating for a month","low","bloating","Cardiology"
"acne breakouts on face since yesterday","medium","oily skin","Dermatology"
"slight cold for a few hours","low","none","General Physician"
"dehydration and weakness for a week","medium","dizziness","General Physician"
"chronic sinusitis for two weeks","medium","nasal discharge headache","ENT"
"heart palpitations and racing heartbeat for two weeks","medium","anxiety sweating","Cardiology"
"snoring and sleep apnea off and on for months","medium","daytime sleepiness","ENT"
"mild hoarse voice","low","none","ENT"
"headache three out of ten for a few hours","low","none","Neurology"
"sudden blurry vision for about a week","medium","headache","Ophthalmology"
"skin allergy with swelling for two days","medium","redness itching","Dermatology"
"tonsillitis with white spots on throat since this morning","medium","fever swallowyesing pain","ENT"
"slight itchy skin patch for several days","low","none","Dermatology"
"painful skin infection with pus since yesterday","high","fever swelling","Dermatology"
"crushing chest pain for a month","high","nausea vomiting sweating","Cardiology"
"constipation and bloating for a week","medium","abdominal discomfort","Gastroenterology"
"mild indigestion after heavy meal","low","none","Gastroenterology"
"minor trouble relaxing","low","none","Psychiatry"
"constant knee pain when climbing stairs for several days","medium","swelling stiffness","Orthopedics"
"rapid heartbeat and fluttering for ten days","medium","dizziness sweating","Cardiology"
"low grade fever for a few hours","medium","headache fatigue","General Physician"
"chest pain radiating to jaw and shoulder","high","sweating dizziness","Cardiology"
"slight sneezing and stuffy nose","low","none","General Physician"
"occasional occasional headache since this morning","low","none","Neurology"
"bothering lower back pain for a day","medium","stiffness","Orthopedics"
"persistent headache for a week","medium","nausea sensitivity to light","Neurology"
"sudden sharp stomach pain for about a week","high","vomiting sweating","Gastroenterology"
"dislocated shoulder intense pain","high","swelling numbness","Orthopedics"
"blurry vision for a few hours","medium","headache eye strain","Ophthalmology"
"mild sneezing for three days","low","none","ENT"
"irritable bowel alternating diarrhea constipation for a week","medium","bloating","Gastroenterology"
"voice hoarseness for a day","medium","sore throat","ENT"
"sinus pressure behind eyes for about a week","medium","headache nasal congestion","ENT"
"child bedwetting for two days","medium","none","Pediatrics"
"stye red bump on eyelid on and off for weeks","medium","pain tearing","Ophthalmology"
"swollen eyelid with pain for three days","medium","redness","Ophthalmology"
"arthritis pain and stiffness for two days","medium","joint swelling","Orthopedics"
"high blood pressure and dizziness since yesterday","medium","headache fatigue","Cardiology"
"knee swelling after running for three days","medium","pain stiffness","Orthopedics"
"headache and fever since yesterday","medium","body ache","General Physician"
"baby with diaper rash for a day","medium","redness","Pediatrics"
"sudden blurry vision for two days","medium","headache","Ophthalmology"
"chest pain when climbing stairs since this morning","medium","breathlessness fatigue","Cardiology"
"joint pain in multiple joints for two days","medium","stiffness swelling","Orthopedics"
"bothering shoulder pain lifting arm for three days","medium","stiffness weakness","Orthopedics"
"newborn refusing feeds and very sleepy","high","yellow skin","Pediatrics"
"child vomiting after eating for a day","medium","stomach pain","Pediatrics"
"occasional blurred vision when tired","low","none","Ophthalmology"
"severe hip pain cannot walk off and on for months","high","stiffness weakness","Orthopedics"
"ear infection and pus discharge for two weeks","medium","fever pain","ENT"
"severe flu unable to get out of bed on and off for weeks","high","fever cough body ache","General Physician"
"a little headache for a week","low","none","Neurology"
"throbbing headache behind the eyes on and off for weeks","medium","nausea sensitivity to light","Neurology"
"shortness of breath on exertion for three days","medium","fatigue ankle swelling","Cardiology"
"mild loose motion for a day","low","none","Gastroenterology"
"a little bloating after eating","low","none","Gastroenterology"
"brief chest twinge for two days","low","none","Cardiology"
"occasional headache for three days","low","none","Neurology"
"tennis elbow pain for a week","medium","weakness in grip","Orthopedics"
"hearing voices and hallucinations for ten days","high","paranoia","Psychiatry"
"a little blocked nose recently","low","none","ENT"
"psoriasis patches on elbows for two weeks","medium","itching flaking","Dermatology"
"blurry vision for three days","medium","headache eye strain","Ophthalmology"
"child with fever and cough recently","medium","runny nose body ache","Pediatrics"
"vomiting blood repeatedly for two days","high","weakness dizziness","Gastroenterology"
"occasional redness in eyes after screens","low","none","Ophthalmology"
"vomiting blood repeatedly for a day","high","weakness dizziness","Gastroenterology"
"severe back pain cannot move for two weeks","high","muscle spasm stiffness","Orthopedics"
"slow heart rate and fainting spells since this morning","medium","weakness","Cardiology"
"swollen ankles and breathlessness for a week","medium","fatigue weight gain","Cardiology"
"kid frequent colds and cough","medium","runny nose","Pediatrics"
"sciatica shooting pain down leg on and off for weeks","medium","numbness tingling","Orthopedics"
"occasional nervous feeling before exams","low","none","Psychiatry"
"ongoing headache for several days","medium","nausea sensitivity to light","Neurology"
"numbness in face and arm for a week","high","slurred speech weakness","Neurology"
"ongoing stomach pain since yesterday","medium","nausea","Gastroenterology"
"chest pain radiating to jaw and shoulder","high","sweating dizziness","Cardiology"
"bloating and gas after meals off and on for months","medium","burping","Gastroenterology"
"throbbing headache behind the eyes for two weeks","medium","nausea sensitivity to light","Neurology"
"slight stomach ache for a day","low","none","Gastroenterology"
"difficulty reading close up since yesterday","medium","eye fatigue","Ophthalmology"
"unbearable knee pain after fall","high","swelling bruising","Orthopedics"
"severe rash spreading all over body for a day","high","fever itching","Dermatology"
"strep throat with fever for ten days","medium","painful swallowing","ENT"
"high blood pressure and dizziness for a month","medium","headache fatigue","Cardiology"
"light sensitivity and pain for a week","medium","watering","Ophthalmology"
"ringing in ears tinnitus for several days","medium","dizziness","ENT"
"viral infection fever and chills for two weeks","medium","body ache","General Physician"
"rare mild migraine for a week","low","slight nausea","Neurology"
"occasional sore throat for several days","low","none","General Physician"
"rapid heartbeat and fluttering for a week","medium","dizziness sweating","Cardiology"
"tremor and loss of balance on and off for weeks","high","weakness","Neurology"
"frequent headaches recently","medium","nausea fatigue","Neurology"
"baby with diaper rash for about a week","medium","redness","Pediatrics"
"suicidal thoughts and hopelessness on and off for weeks","high","insomnia appetite loss","Psychiatry"
"eye strain from screens for several days","medium","headache dryness","Ophthalmology"
"mild cough for two weeks","low","none","General Physician"
"slight blocked nose for ten days","low","none","ENT"
"thunderclap headache off and on for months","high","neck stiffness confusion","Neurology"
"moderate back ache after lifting heavy things","medium","muscle soreness","Orthopedics"
"tension headache for three days","medium","neck pain shoulder tightness","Neurology"
"throbbing headache behind the eyes recently","medium","nausea sensitivity to light","Neurology"
"sad mood and crying spells for ten days","medium","fatigue","Psychiatry"
"post nasal drip and cough recently","medium","throat irritation","ENT"
"frozen shoulder restricted movement for two days","medium","stiffness pain","Orthopedics"
"migraine attacks for two weeks","medium","nausea sensitivity to sound","Neurology"
"moderate eczema flare up with itching for a week","medium","dry skin redness","Dermatology"
"chronic migraine for two weeks","medium","light sensitivity nausea","Neurology"
"persistent rash on arms and legs for a month","medium","itching","Dermatology"
"child with severe dehydration off and on for months","high","no urine lethargy","Pediatrics"
"blocked ear sensation since this morning","medium","muffled hearing","ENT"
"swollen ankles and breathlessness for three days","medium","fatigue weight gain","Cardiology"
"ptsd flashbacks and nightmares for two days","medium","anxiety hypervigilance","Psychiatry"
"blood in stool for three days","high","abdominal pain weakness","Gastroenterology"
"slight muscle soreness after exercise","low","none","Orthopedics"
"ear infection and pus discharge since yesterday","medium","fever pain","ENT"
"tennis elbow pain since this morning","medium","weakness in grip","Orthopedics"
"slight stiff neck after sleeping wrong","low","none","Orthopedics"
"occasional eye strain since this morning","low","none","Ophthalmology"
"obsessive thoughts and compulsions for two weeks","medium","anxiety","Psychiatry"
"obsessive thoughts and compulsions for several days","medium","anxiety","Psychiatry"
"slight sore throat for a month","low","none","General Physician"
"glaucoma high eye pressure","medium","blurred vision","Ophthalmology"
"food poisoning vomiting and diarrhea on and off for weeks","medium","fever dehydration","Gastroenterology"
"warts on hands for a few hours","medium","none","Dermatology"
"vomiting blood repeatedly on and off for weeks","high","weakness dizziness","Gastroenterology"
"generalized anxiety constant worry for three days","medium","muscle tension","Psychiatry"
"psoriasis patches on elbows since this morning","medium","itching flaking","Dermatology"
"severe eye pain and blurred vision for about a week","high","light sensitivity","Ophthalmology"
"child seizure and fever","high","unresponsive","Pediatrics"
"general health checkup","low","none","General Physician"
"fever and sore throat for a week","medium","cough runny nose","General Physician"
"slight headache and fatigue","low","none","General Physician"
"difficulty concentrating at work on and off for weeks","medium","low mood","Psychiatry"
"acne breakouts on face since this morning","medium","oily skin","Dermatology"
"bipolar manic episode off and on for months","medium","racing thoughts","Psychiatry"
"severe back pain cannot move for two days","high","muscle spasm stiffness","Orthopedics"
"throat infection with cough for a few hours","medium","fever","General Physician"
"dry itchy eyes recently","medium","redness","Ophthalmology"
"child rash with fever for two weeks","medium","itching","Pediatrics"
"general body ache for several days","medium","fatigue fever","General Physician"
"yellow eyes jaundice for a month","medium","dark urine fatigue","Gastroenterology"
"pounding heart and chest tightness for a day","medium","sweating dizziness","Cardiology"
"trouble falling asleep and staying asleep for a month","medium","daytime fatigue","Psychiatry"
"occasional fluttering in chest occasionally","low","none","Cardiology"
"severe hip pain cannot walk for about a week","high","stiffness weakness","Orthopedics"
"mild sore throat for three days","low","none","General Physician"
"work stress and burnout for two days","medium","fatigue insomnia","Psychiatry"
"moderate chest pain and pressure for about a week","medium","sweating lightheadedness","Cardiology"
"ongoing rash on arms and legs for three days","medium","itching","Dermatology"
"feeling hopeless and worthless for two days","medium","loss of interest","Psychiatry"
"a little loose motion since this morning","low","none","Gastroenterology"
"sudden numbness one side of body","high","confusion difficulty speaking","Neurology"
"constant eczema flare up with itching off and on for months","medium","dry skin redness","Dermatology"
"trouble falling asleep and staying asleep for two days","medium","daytime fatigue","Psychiatry"
"not feeling well in general for about a week","medium","tired low energy","General Physician"
"slight nervous feeling before exams","low","none","Psychiatry"
"infant constipation and crying off and on for months","medium","gas","Pediatrics"
"minor eye strain on and off for weeks","low","none","Ophthalmology"
"vomiting after meals since this morning","medium","weakness","Gastroenterology"
"cannot sleep insomnia for two weeks","medium","anxiety fatigue","Psychiatry"
"stomach cramps and loose stools for three days","medium","dehydration","Gastroenterology"
"psoriasis patches on elbows for two days","medium","itching flaking","Dermatology"
"slight dryness in eyes","low","none","Ophthalmology"
"skin allergy with swelling off and on for months","medium","redness itching","Dermatology"
"sore throat and difficulty swallowing recently","medium","fever swollen glands","ENT"
"a little hoarse voice","low","none","ENT"
"sudden face swelling with hives","high","itching breathing trouble","Dermatology"
"scratchy feeling in eye for a month","medium","watering","Ophthalmology"
"irritability and anger outbursts since this morning","medium","stress","Psychiatry"
"floaters and black spots for several days","medium","flashing lights","Ophthalmology"
"baby wont stop crying and has fever for three days","medium","pulling ears","Pediatrics"
"baby vaccination schedule review","medium","none","Pediatrics"
"a little dizziness when standing up","low","none","Neurology"
"eating disorder binge eating for two weeks","medium","guilt anxiety","Psychiatry"
"low grade headache for about a week","low","slight fatigue","Neurology"
"scratchy feeling in eye for a week","medium","watering","Ophthalmology"
"bipolar manic episode for ten days","medium","racing thoughts","Psychiatry"
"swollen eyelid with pain since this morning","medium","redness","Ophthalmology"
"occasional ankle ache after long walk","low","none","Orthopedics"
"rosacea redness on cheeks for a day","medium","flushing","Dermatology"
"baby teething and drooling","low","mild fussiness","Pediatrics"
"viral infection fever and chills for a month","medium","body ache","General Physician"
"light sensitivity and pain recently","medium","watering","Ophthalmology"
"child mild cold for two days","low","none","Pediatrics"
"moderate knee pain when climbing stairs on and off for weeks","medium","swelling stiffness","Orthopedics"
"heartburn and chest burning after eating for a week","medium","regurgitation","Gastroenterology"
"constant back ache after lifting heavy things","medium","muscle soreness","Orthopedics"
"persistent lower back pain since this morning","medium","stiffness","Orthopedics"
"dizziness and room spinning vertigo for a few hours","medium","nausea balance issues","Neurology"
"gastritis stomach inflammation for two weeks","medium","nausea vomiting","Gastroenterology"
"depression low mood and no energy for three days","medium","insomnia poor appetite","Psychiatry"
"slight bloating after eating","low","none","Gastroenterology"
"red painful eye with discharge for a month","medium","tearing light sensitivity","Ophthalmology"
"persistent eye pain for ten days","medium","redness tearing","Ophthalmology"
"throat infection with cough for a day","medium","fever","General Physician"
"thunderclap headache for a week","high","neck stiffness confusion","Neurology"
"chronic migraine for a few hours","medium","light sensitivity nausea","Neurology"
"gallbladder pain after fatty meal since yesterday","medium","nausea bloating","Gastroenterology"
"elbow pain with tenderness off and on for months","medium","weakness when lifting","Orthopedics"
"general body ache for about a week","medium","fatigue fever","General Physician"
"eye redness and irritation off and on for months","medium","watering","Ophthalmology"
"child routine checkup","low","none","Pediatrics"
"a little chest discomfort after eating for a day","low","bloating","Cardiology"
"general malaise for two weeks","medium","low energy","General Physician"
"high fever 104 with chills and weakness","high","body ache confusion","General Physician"
"persistent chest pain and pressure for about a week","medium","sweating lightheadedness","Cardiology"
"persistent anxiety and worry for a few hours","medium","restlessness insomnia","Psychiatry"
"fever and sore throat on and off for weeks","medium","cough runny nose","General Physician"
"bothering stomach pain recently","medium","nausea","Gastroenterology"
"elbow pain with tenderness on and off for weeks","medium","weakness when lifting","Orthopedics"
"numbness and tingling in hands off and on for months","medium","weakness","Neurology"
"a little constipation on and off for weeks","low","none","Gastroenterology"
"double vision recently","medium","dizziness","Ophthalmology"
"work stress and burnout for a few hours","medium","fatigue insomnia","Psychiatry"
"snoring and sleep apnea on and off for weeks","medium","daytime sleepiness","ENT"
"sudden vision loss one eye","high","eye pain headache","Ophthalmology"
"red painful eye with discharge on and off for weeks","medium","tearing light sensitivity","Ophthalmology"
"panic attacks and racing heart off and on for months","medium","sweating sense of doom","Psychiatry"
"headache and fever for two days","medium","body ache","General Physician"
"angina chest pain on walking for two days","high","breathlessness","Cardiology"
"severe abdominal pain cannot move for about a week","high","vomiting fever","Gastroenterology"
"minor stiff neck after sleeping wrong","low","none","Orthopedics"
"voice hoarseness for about a week","medium","sore throat","ENT"
"eye strain from screens for a week","medium","headache dryness","Ophthalmology"
"cataracts cloudy vision for a few hours","medium","glare sensitivity","Ophthalmology"
"mild palpitations after caffeine for several days","low","none","Cardiology"
"stomach cramps and loose stools since yesterday","medium","dehydration","Gastroenterology"
"ear infection and pus discharge for two days","medium","fever pain","ENT"
"severe dizziness with fainting for several days","high","nausea blurred vision","Neurology"
"severe chest pressure and tightness for two days","high","sweating cold clammy skin","Cardiology"
"minor sore throat for about a week","low","none","General Physician"
"crushing chest pain for several days","high","nausea vomiting sweating","Cardiology"
"addiction craving alcohol since this morning","medium","withdrawal anxiety","Psychiatry"
"eating disorder binge eating for about a week","medium","guilt anxiety","Psychiatry"
"chicken pox rash in child since this morning","medium","fever itching","Pediatrics"
"bothering ear pain and fullness for two weeks","medium","mild hearing loss","ENT"
"joint pain in multiple joints for a week","medium","stiffness swelling","Orthopedics"
"ongoing eczema flare up with itching since this morning","medium","dry skin redness","Dermatology"
"mild headache for a month","low","none","Neurology"
"baby high fever over 103 for a few hours","high","not drinking lethargic","Pediatrics"
"occasional feeling tired for a day","low","none","General Physician"
"knee swelling after running for several days","medium","pain stiffness","Orthopedics"
"bloody stools and abdominal pain for a day","medium","weakness","Gastroenterology"
"sudden crushing chest pain radiating to left arm","high","sweating nausea shortness of breath","Cardiology"
"sinus infection blocked nose and headache since yesterday","medium","facial pain fatigue","ENT"
"nose bleed recurrent since yesterday","medium","none","ENT"
"hip pain walking long distances for several days","medium","stiffness","Orthopedics"
"baby feeding problems since this morning","medium","fussy gassy","Pediatrics"
"voice hoarseness on and off for weeks","medium","sore throat","ENT"
"low grade fever for two weeks","medium","headache fatigue","General Physician"
"ongoing vertigo and imbalance for two weeks","medium","nausea","Neurology"
"tension headache for a month","medium","neck pain shoulder tightness","Neurology"
"irritable bowel alternating diarrhea constipation off and on for months","medium","bloating","Gastroenterology"
"child mild cold for a week","low","none","Pediatrics"
"minor fluttering in chest occasionally","low","none","Cardiology"
"swollen lymph nodes neck for a month","medium","sore throat fever","ENT"
"severe hip pain cannot walk for two weeks","high","stiffness weakness","Orthopedics"
"unexplained weight loss for ten days","medium","fatigue","General Physician"
"difficulty concentrating at work for a few hours","medium","low mood","Psychiatry"
"dizziness and room spinning vertigo for three days","medium","nausea balance issues","Neurology"
"minor feeling down lately","low","none","Psychiatry"
"minor cold for about a week","low","none","General Physician"
"occasional palpitations after caffeine for two weeks","low","none","Cardiology"
"low grade fever for several days","medium","headache fatigue","General Physician"
"minor occasional headache for ten days","low","none","Neurology"
"occasional dandruff occasional","low","none","Dermatology"
"irregular heartbeat for a month","medium","fatigue shortness of breath","Cardiology"
"minor cough recently","low","none","General Physician"
"gastritis stomach inflammation on and off for weeks","medium","nausea vomiting","Gastroenterology"
"ringworm circular rash on and off for weeks","medium","itching","Dermatology"
"double vision for a few hours","medium","dizziness","Ophthalmology"
"blood in stool recently","high","abdominal pain weakness","Gastroenterology"
"skin redness and peeling for a month","medium","itching","Dermatology"
"infant not breathing well for two weeks","high","blue lips lethargy","Pediatrics"
"persistent vertigo and imbalance since yesterday","medium","nausea","Neurology"
"changing mole on back for three days","medium","irregular borders","Dermatology"
"chest pain severe and unbearable recently","high","sweating vomiting","Cardiology"
"slight occasional headache since yesterday","low","none","Neurology"
"child behavioral problems at school","medium","anxiety","Pediatrics"
"severe rash spreading all over body for two days","high","fever itching","Dermatology"
"chronic sinusitis for a week","medium","nasal discharge headache","ENT"
"ptsd flashbacks and nightmares for a week","medium","anxiety hypervigilance","Psychiatry"
"sudden hearing loss in one ear for about a week","high","ringing dizziness","ENT"
"bothering back ache after lifting heavy things","medium","muscle soreness","Orthopedics"
"annual checkup and general health review","medium","none","General Physician"
"social anxiety fear of people for a month","medium","avoidance","Psychiatry"
"severe eye pain and blurred vision for a few hours","high","light sensitivity","Ophthalmology"
"hearing voices and hallucinations for three days","high","paranoia","Psychiatry"
"brief chest twinge for a day","low","none","Cardiology"
"child vomiting after eating for three days","medium","stomach pain","Pediatrics"
"gastritis stomach inflammation for a month","medium","nausea vomiting","Gastroenterology"
"dehydration and weakness for several days","medium","dizziness","General Physician"
"dandruff and scalp itching for a day","medium","flakes","Dermatology"
"painful skin infection with pus on and off for weeks","high","fever swelling","Dermatology"
"sudden hearing loss in one ear for two weeks","high","ringing dizziness","ENT"
"chest tightness and left arm numbness","high","sweating nausea","Cardiology"
"diarrhea for ten days","medium","dehydration abdominal cramps","Gastroenterology"
"tonsillitis with white spots on throat for two weeks","medium","fever swallowing pain","ENT"
"a little palpitations after caffeine for about a week","low","none","Cardiology"
"arthritis pain and stiffness for a few hours","medium","joint swelling","Orthopedics"
"floaters and black spots for two days","medium","flashing lights","Ophthalmology"
"minor redness in eyes after screens","low","none","Ophthalmology"
"irregular heartbeat for about a week","medium","fatigue shortness of breath","Cardiology"
"moderate vertigo and imbalance off and on for months","medium","nausea","Neurology"
"sudden sharp stomach pain for ten days","high","vomiting sweating","Gastroenterology"
"occasional sneezing and stuffy nose","low","none","General Physician"
"ringworm circular rash recently","medium","itching","Dermatology"
"child behavioral problems at school","medium","anxiety","Pediatrics"
"a little stiff neck after sleeping wrong","low","none","Orthopedics"
"tingling in feet and legs off and on for months","medium","numbness","Neurology"
"minor blocked nose for a week","low","none","ENT"
"sprained ankle swelling for about a week","medium","limping","Orthopedics"
"a little cough for two days","low","none","General Physician"
"child routine checkup","low","none","Pediatrics"
"minor sore throat on and off for weeks","low","none","ENT"
"child asthma wheezing for a few hours","medium","cough breathing difficulty","Pediatrics"
"severe panic attack racing heart and fear of dying","high","sweating shaking","Psychiatry"
"a little fluttering in chest occasionally","low","none","Cardiology"
"hair loss in patches for a day","medium","itching scaly scalp","Dermatology"
"child mild cold for two weeks","low","none","Pediatrics"
"crushing chest pain for a week","high","nausea vomiting sweating","Cardiology"
"severe throat pain cannot swallow for a month","high","fever swelling","ENT"
"constipation and bloating recently","medium","abdominal discomfort","Gastroenterology"
"general malaise for three days","medium","low energy","General Physician"
"fungal infection between toes for two days","medium","itching peeling","Dermatology"
"minor indigestion after heavy meal","low","none","Gastroenterology"
"numbness and tingling in hands for a day","medium","weakness","Neurology"
"mild blurred vision when tired","low","none","Ophthalmology"
"slight trouble relaxing","low","none","Psychiatry"
"mild blocked nose for two weeks","low","none","ENT"
"slight chest discomfort after eating for a few hours","low","bloating","Cardiology"
"sinus infection blocked nose and headache since this morning","medium","facial pain fatigue","ENT"
"mild feeling down lately","low","none","Psychiatry"
"addiction craving alcohol for a day","medium","withdrawal anxiety","Psychiatry"
"chronic migraine for a week","medium","light sensitivity nausea","Neurology"
"stroke symptoms face drooping","high","slurred speech arm weakness","Neurology"
"difficulty reading close up on and off for weeks","medium","eye fatigue","Ophthalmology"
"minor blurred vision when tired","low","none","Ophthalmology"
"bloating and gas after meals recently","medium","burping","Gastroenterology"
"twisted ankle swelling after football","medium","bruising","Orthopedics"
"hair loss in patches on and off for weeks","medium","itching scaly scalp","Dermatology"
"conjunctivitis pink eye on and off for weeks","medium","discharge itching","Ophthalmology"
"occasional loose motion for several days","low","none","Gastroenterology"
"liver pain right upper abdomen for a few hours","medium","nausea fatigue","Gastroenterology"
"child with fever and cough for ten days","medium","runny nose body ache","Pediatrics"
"broken ankle after sports injury","high","swelling inability to walk","Orthopedics"
"mild cold for three days","low","none","General Physician"
"stomach cramps and loose stools for a month","medium","dehydration","Gastroenterology"
"brief chest twinge for a month","low","none","Cardiology"
"occasional feeling down lately","low","none","Psychiatry"
"dry itchy patches of skin for a week","medium","flaking","Dermatology"
"loss of interest in hobbies for about a week","medium","low mood","Psychiatry"
"tennis elbow pain for about a week","medium","weakness in grip","Orthopedics"
"low grade headache for several days","low","slight fatigue","Neurology"
"chest tightness and left arm numbness","high","sweating nausea","Cardiology"
"floaters and black spots for a few hours","medium","flashing lights","Ophthalmology"
"feeling unwell for several days","medium","mild fever fatigue","General Physician"
"cardiac arrhythmia fluttering chest off and on for months","medium","lightheadedness","Cardiology"
"a little dry skin for a week","low","none","Dermatology"
"mild tightness in chest after exercise","low","none","Cardiology"
"depression low mood and no energy off and on for months","medium","insomnia poor appetite","Psychiatry"
"allergic reaction with sneezing for three days","medium","runny nose","General Physician"
"nightmares and disturbed sleep for a month","medium","anxiety","Psychiatry"
"persistent cough for a week","medium","mild fever fatigue","General Physician"
"eating disorder binge eating for two days","medium","guilt anxiety","Psychiatry"
"a little dryness in eyes","low","none","Ophthalmology"
"constant headache for a month","medium","nausea sensitivity to light","Neurology"
"severe throat pain cannot swallow for two weeks","high","fever swelling","ENT"
"constant vertigo and imbalance on and off for weeks","medium","nausea","Neurology"
"bothering knee pain when climbing stairs for two weeks","medium","swelling stiffness","Orthopedics"
"fainted once while standing","medium","dehydration fatigue","General Physician"
"occasional dryness in eyes","low","none","Ophthalmology"
"rare mild migraine for about a week","low","slight nausea","Neurology"
"blood in stool for a month","high","abdominal pain weakness","Gastroenterology"
"unexplained weight loss for two days","medium","fatigue","General Physician"
"slight acne for a week","low","none","Dermatology"
"constant chest pain and pressure for ten days","medium","sweating lightheadedness","Cardiology"
"throat infection with cough for ten days","medium","fever","General Physician"
"flu like symptoms for ten days","medium","body ache fatigue","General Physician"
"acid reflux and heartburn after meals on and off for weeks","medium","burping","Gastroenterology"
"i feel bad since this morning","low","none","General Physician"
"a little occasional headache recently","low","none","Neurology"
"mild dryness in eyes","low","none","Ophthalmology"
"constant eye pain for a few hours","medium","redness tearing","Ophthalmology"
"heart attack symptoms crushing chest pain for three days","high","sweating weakness nausea","Cardiology"
"sudden hearing loss in one ear for a month","high","ringing dizziness","ENT"
"general body ache since yesterday","medium","fatigue fever","General Physician"
"slight numbness in fingertip for ten days","low","none","Neurology"
"mild sore throat for two days","low","none","ENT"
"panic attacks and racing heart for several days","medium","sweating sense of doom","Psychiatry"
"changing mole on back since this morning","medium","irregular borders","Dermatology"
"gallbladder pain after fatty meal for several days","medium","nausea bloating","Gastroenterology"
"kid with sore throat and fever for a week","medium","cough","Pediatrics"
"child growth and developmental checkup","medium","none","Pediatrics"
"grief after losing family member since yesterday","medium","sadness insomnia","Psychiatry"
"generalized anxiety constant worry on and off for weeks","medium","muscle tension","Psychiatry"
"toddler diarrhea and vomiting for about a week","medium","dehydration","Pediatrics"
"occasional numbness in fingertip since this morning","low","none","Neurology"
"occasional back ache after long sitting","low","none","Orthopedics"
"frequent headaches since yesterday","medium","nausea fatigue","Neurology"
"blocked ear sensation for several days","medium","muffled hearing","ENT"
"slight feeling down lately","low","none","Psychiatry"
"a little sunburn recently","low","slight peeling","Dermatology"
"irritability and anger outbursts for two weeks","medium","stress","Psychiatry"
"hives and welts for about a week","medium","itching","Dermatology"
"constant lower back pain for three days","medium","stiffness","Orthopedics"
"bipolar manic episode recently","medium","racing thoughts","Psychiatry"
"infant not breathing well since yesterday","high","blue lips lethargy","Pediatrics"
"numbness in face and arm for two days","high","slurred speech weakness","Neurology"
"occasional sore throat off and on for months","low","none","ENT"
"persistent cough for ten days","medium","mild fever fatigue","General Physician"
"work stress and burnout on and off for weeks","medium","fatigue insomnia","Psychiatry"
"mild knee twinge after stairs","low","none","Orthopedics"
"occasional headache and fatigue","low","none","General Physician"
"severe chest pressure and tightness for a day","high","sweating cold clammy skin","Cardiology"
"red painful eye with discharge for about a week","medium","tearing light sensitivity","Ophthalmology"
"mild stress from work recently","low","none","Psychiatry"
"mild back ache after long sitting","low","none","Orthopedics"
"persistent headache for weeks","medium","dizziness fatigue","Neurology"
"mild sunburn for about a week","low","slight peeling","Dermatology"
"sad mood and crying spells for several days","medium","fatigue","Psychiatry"
"child ear infection and crying for ten days","medium","fever irritability","Pediatrics"
"a little itchy eyes recently","low","none","Ophthalmology"
"vertigo with ear fullness for a week","medium","nausea hearing loss","ENT"
"toddler fever and rash for a few hours","medium","irritability","Pediatrics"
"sad mood and crying spells for a day","medium","fatigue","Psychiatry"
"constant stomach pain off and on for months","medium","nausea","Gastroenterology"
"a little itchy skin patch off and on for months","low","none","Dermatology"
"sore throat and difficulty swallowing for three days","medium","fever swollen glands","ENT"
"social anxiety fear of people recently","medium","avoidance","Psychiatry"
"baby feeding problems off and on for months","medium","fussy gassy","Pediatrics"
"tremor and loss of balance for two days","high","weakness","Neurology"
"toddler fever and rash since yesterday","medium","irritability","Pediatrics"
"severe dizziness with fainting for a few hours","high","nausea blurred vision","Neurology"
"minor sneezing and stuffy nose","low","none","General Physician"
"cold and runny nose recently","medium","sneezing sore throat","General Physician"
"sinus pressure behind eyes for several days","medium","headache nasal congestion","ENT"
"frozen shoulder restricted movement on and off for weeks","medium","stiffness pain","Orthopedics"
"cystic acne painful bumps for a few hours","medium","scarring","Dermatology"
"memory loss and confusion for ten days","medium","disorientation","Neurology"
"severe migraine with aura and vomiting","high","light sensitivity nausea","Neurology"
"pulled muscle in thigh for about a week","medium","swelling bruising","Orthopedics"
"sprained ankle swelling for a day","medium","limping","Orthopedics"
"suicidal thoughts and hopelessness for a day","high","insomnia appetite loss","Psychiatry"
"minor dizziness when standing up","low","none","Neurology"
"heart palpitations and racing heartbeat for a week","medium","anxiety sweating","Cardiology"
"a little sneezing and stuffy nose","low","none","General Physician"
"broken ankle after sports injury","high","swelling inability to walk","Orthopedics"
"chest pain when climbing stairs for a day","medium","breathlessness fatigue","Cardiology"
"vertigo with ear fullness for two weeks","medium","nausea hearing loss","ENT"
"minor numbness in fingertip since this morning","low","none","Neurology"
"fatigue and weakness for ten days","medium","loss of appetite","General Physician"
"stroke symptoms face drooping","high","slurred speech arm weakness","Neurology"
"sciatica shooting pain down leg for a month","medium","numbness tingling","Orthopedics"
"cardiac arrhythmia fluttering chest for two days","medium","lightheadedness","Cardiology"
"child vomiting after eating for several days","medium","stomach pain","Pediatrics"
"trouble falling asleep and staying asleep for a week","medium","daytime fatigue","Psychiatry"
"minor single pimple on chin","low","none","Dermatology"
"chicken pox rash in child for a few hours","medium","fever itching","Pediatrics"
"cardiac arrhythmia fluttering chest since yesterday","medium","lightheadedness","Cardiology"
"pulled muscle in thigh for ten days","medium","swelling bruising","Orthopedics"
"toddler mild cough for two weeks","low","none","Pediatrics"
"fainted once while standing","medium","dehydration fatigue","General Physician"
"slight stress from work for ten days","low","none","Psychiatry"
"sudden blurry vision recently","medium","headache","Ophthalmology"
"ulcer pain burning stomach off and on for months","medium","nausea loss of appetite","Gastroenterology"
"cold and runny nose for a day","medium","sneezing sore throat","General Physician"
"feeling hopeless and worthless for several days","medium","loss of interest","Psychiatry"
"nasal congestion blocked nose for ten days","medium","runny nose sneezing","ENT"
"rapid heartbeat and fluttering for a few hours","medium","dizziness sweating","Cardiology"
"occasional itchy skin patch recently","low","none","Dermatology"
"chest pain severe and unbearable for two days","high","sweating vomiting","Cardiology"
"cannot sleep insomnia since this morning","medium","anxiety fatigue","Psychiatry"
"blurry vision for a month","medium","headache eye strain","Ophthalmology"
"strep throat with fever since this morning","medium","painful swallowing","ENT"
"not feeling well in general for a week","medium","tired low energy","General Physician"
"vomiting after meals for about a week","medium","weakness","Gastroenterology"
"feeling unwell for several days","medium","mild fever fatigue","General Physician"
"slight dry skin for several days","low","none","Dermatology"
"snoring and sleep apnea for a few hours","medium","daytime sleepiness","ENT"
"food poisoning vomiting and diarrhea for a week","medium","fever dehydration","Gastroenterology"
"neck pain and stiffness for a few hours","medium","headache shoulder pain","Orthopedics"
"kid mild fever for a day","low","none","Pediatrics"
"addiction craving alcohol since yesterday","medium","withdrawal anxiety","Psychiatry"
"persistent cough for two days","medium","mild fever fatigue","General Physician"
"blocked ear sensation for two weeks","medium","muffled hearing","ENT"
"fracture wrist pain and swelling","high","bruising numbness","Orthopedics"
"severe abdominal pain cannot move since yesterday","high","vomiting fever","Gastroenterology"
"stye red bump on eyelid for two weeks","medium","pain tearing","Ophthalmology"
"occasional trouble relaxing","low","none","Psychiatry"
"hip pain walking long distances for a day","medium","stiffness","Orthopedics"
"fatigue and weakness for two weeks","medium","loss of appetite","General Physician"
"minor dry skin for a week","low","none","Dermatology"
"dislocated shoulder intense pain","high","swelling numbness","Orthopedics"
"cluster headache behind one eye","medium","tearing nasal congestion","Neurology"
"a little stomach ache for several days","low","none","Gastroenterology"
"slight cough recently","low","none","General Physician"
"occasional knee twinge after stairs","low","none","Orthopedics"
"pounding heart and chest tightness off and on for months","medium","sweating dizziness","Cardiology"
"numbness in face and arm for several days","high","slurred speech weakness","Neurology"
"swollen lymph nodes neck for three days","medium","sore throat fever","ENT"
"high fever 104 with chills and weakness","high","body ache confusion","General Physician"
"acid reflux and heartburn after meals for a day","medium","burping","Gastroenterology"
"a little runny nose for a few hours","low","none","General Physician"
"occasional dizziness when standing up","low","none","Neurology"
"angina chest pain on walking for a month","high","breathlessness","Cardiology"
"mild itchy eyes for ten days","low","none","Ophthalmology"
"slight loose motion for a month","low","none","Gastroenterology"
"persistent nausea for two weeks","medium","loss of appetite","Gastroenterology"
"hearing voices and hallucinations for a week","high","paranoia","Psychiatry"
"fever 102 body ache and cough for ten days","medium","fatigue weakness","General Physician"
"minor bloating after eating","low","none","Gastroenterology"
"baby teething and drooling","low","mild fussiness","Pediatrics"
"severe eye pain and blurred vision for a day","high","light sensitivity","Ophthalmology"
"ongoing anxiety and worry for a week","medium","restlessness insomnia","Psychiatry"
"infant constipation and crying for several days","medium","gas","Pediatrics"
"occasional cold on and off for weeks","low","none","General Physician"
"allergic reaction with sneezing for several days","medium","runny nose","General Physician"
"obsessive thoughts and compulsions off and on for months","medium","anxiety","Psychiatry"
"slight single pimple on chin","low","none","Dermatology"
"high blood pressure and dizziness since this morning","medium","headache fatigue","Cardiology"
"occasional runny nose for about a week","low","none","General Physician"
"baby wont stop crying and has fever on and off for weeks","medium","pulling ears","Pediatrics"
"slight hoarse voice","low","none","ENT"
"mild stiff neck after sleeping wrong","low","none","Orthopedics"
"neck pain and stiffness since yesterday","medium","headache shoulder pain","Orthopedics"
"slight sunburn for about a week","low","slight peeling","Dermatology"
"indigestion since this morning","medium","nausea bloating","Gastroenterology"
"unexplained weight loss on and off for weeks","medium","fatigue","General Physician"
"fever 102 body ache and cough for two days","medium","fatigue weakness","General Physician"
"flu like symptoms since this morning","medium","body ache fatigue","General Physician"
"panic attacks and racing heart since yesterday","medium","sweating sense of doom","Psychiatry"
"diarrhea for a month","medium","dehydration abdominal cramps","Gastroenterology"
"occasional itchy eyes on and off for weeks","low","none","Ophthalmology"
"slight heartburn occasionally","low","none","Gastroenterology"
"dandruff and scalp itching on and off for weeks","medium","flakes","Dermatology"
"mood swings high and low for ten days","medium","irritability","Psychiatry"
"child seizure and fever","high","unresponsive","Pediatrics"
"slight sore throat for a week","low","none","ENT"
"severe ear pain with bleeding for a day","high","hearing loss fever","ENT"
"child asthma wheezing for a day","medium","cough breathing difficulty","Pediatrics"
"i feel unwell","low","none","General Physician"
"occasional stress from work off and on for months","low","none","Psychiatry"
"mild tightness in chest after exercise","low","none","Cardiology"
"slight headache for about a week","low","none","Neurology"
"severe ear pain with bleeding for about a week","high","hearing loss fever","ENT"
"difficulty concentrating at work recently","medium","low mood","Psychiatry"
"allergic reaction with sneezing since yesterday","medium","runny nose","General Physician"
"mild dizziness when standing up","low","none","Neurology"
"indigestion for a day","medium","nausea bloating","Gastroenterology"
"mood swings high and low for two days","medium","irritability","Psychiatry"
"bloody stools and abdominal pain for two days","medium","weakness","Gastroenterology"
"gallbladder pain after fatty meal off and on for months","medium","nausea bloating","Gastroenterology"
"i feel unwell","low","none","General Physician"
"thinning hair and bald spots for a day","medium","dry scalp","Dermatology"
"severe ear pain with bleeding off and on for months","high","hearing loss fever","ENT"
"baby high fever over 103 for a day","high","not drinking lethargic","Pediatrics"
"stye red bump on eyelid for several days","medium","pain tearing","Ophthalmology"
"headache three out of ten for about a week","low","none","Neurology"
"hand tremors since yesterday","medium","weakness","Neurology"
"ulcer pain burning stomach since this morning","medium","nausea loss of appetite","Gastroenterology"
"kid frequent colds and cough","medium","runny nose","Pediatrics"
"minor itchy eyes off and on for months","low","none","Ophthalmology"
"loss of interest in hobbies since yesterday","medium","low mood","Psychiatry"
"minor runny nose for three days","low","none","General Physician"
"newborn refusing feeds and very sleepy","high","yellow skin","Pediatrics"
"depression low mood and no energy on and off for weeks","medium","insomnia poor appetite","Psychiatry"
"laryngitis lost voice for a week","medium","sore throat","ENT"
"occasional dry skin for three days","low","none","Dermatology"
"severe back pain cannot move for a month","high","muscle spasm stiffness","Orthopedics"
"child with severe dehydration since this morning","high","no urine lethargy","Pediatrics"
"a little trouble relaxing","low","none","Psychiatry"
"memory loss and confusion for a week","medium","disorientation","Neurology"
"a little indigestion after heavy meal","low","none","Gastroenterology"
"difficulty reading close up for several days","medium","eye fatigue","Ophthalmology"
"changing mole on back for several days","medium","irregular borders","Dermatology"
"cluster headache behind one eye","medium","tearing nasal congestion","Neurology"
"laryngitis lost voice for several days","medium","sore throat","ENT"
"cystic acne painful bumps for a month","medium","scarring","Dermatology"
"arthritis pain and stiffness for a month","medium","joint swelling","Orthopedics"
"feeling hopeless and worthless for ten days","medium","loss of interest","Psychiatry"
"eye redness and irritation for several days","medium","watering","Ophthalmology"
"occasional stomach ache for two days","low","none","Gastroenterology"
"general malaise since this morning","medium","low energy","General Physician"
"constant ear pain and fullness since yesterday","medium","mild hearing loss","ENT"
"neck pain and stiffness for ten days","medium","headache shoulder pain","Orthopedics"
"toddler mild cough off and on for months","low","none","Pediatrics"
"i feel bad for about a week","low","none","General Physician"
"ulcer pain burning stomach recently","medium","nausea loss of appetite","Gastroenterology"
"sore throat and difficulty swallowing for ten days","medium","fever swollen glands","ENT"
"sudden crushing chest pain radiating to left arm","high","sweating nausea shortness of breath","Cardiology"
"severe throat pain cannot swallow recently","high","fever swelling","ENT"
"minor feeling tired on and off for weeks","low","none","General Physician"
"tingling in feet and legs for a day","medium","numbness","Neurology"
"mild dandruff occasional","low","none","Dermatology"
"grief after losing family member since this morning","medium","sadness insomnia","Psychiatry"
"mild single pimple on chin","low","none","Dermatology"
"tremor and loss of balance since this morning","high","weakness","Neurology"
"indigestion recently","medium","nausea bloating","Gastroenterology"
"pounding heart and chest tightness for several days","medium","sweating dizziness","Cardiology"
"nightmares and disturbed sleep for ten days","medium","anxiety","Psychiatry"
"child bedwetting on and off for weeks","medium","none","Pediatrics"
"swollen eyelid with pain for a month","medium","redness","Ophthalmology"
"mild stomach ache for ten days","low","none","Gastroenterology"
"i feel bad for a month","low","none","General Physician"
"severe flu unable to get out of bed for three days","high","fever cough body ache","General Physician"
"unbearable knee pain after fall","high","swelling bruising","Orthopedics"
"dizziness and room spinning vertigo for a week","medium","nausea balance issues","Neurology"
"minor sunburn on and off for weeks","low","slight peeling","Dermatology"
"fever 102 body ache and cough for two weeks","medium","fatigue weakness","General Physician"
"infant not breathing well on and off for weeks","high","blue lips lethargy","Pediatrics"
"fatigue and weakness on and off for weeks","medium","loss of appetite","General Physician"
"eye redness and irritation for a week","medium","watering","Ophthalmology"
"cataracts cloudy vision for a week","medium","glare sensitivity","Ophthalmology"
"child bedwetting for several days","medium","none","Pediatrics"
"acid reflux and heartburn after meals since yesterday","medium","burping","Gastroenterology"
"slight sneezing for a week","low","none","ENT"
"moderate shoulder pain lifting arm for about a week","medium","stiffness weakness","Orthopedics"
"fungal infection between toes on and off for weeks","medium","itching peeling","Dermatology"
"persistent nausea since yesterday","medium","loss of appetite","Gastroenterology"
"moderate ear pain and fullness for ten days","medium","mild hearing loss","ENT"
"baby high fever over 103 since this morning","high","not drinking lethargic","Pediatrics"
"persistent knee pain when climbing stairs on and off for weeks","medium","swelling stiffness","Orthopedics"
"shortness of breath on exertion recently","medium","fatigue ankle swelling","Cardiology"
"baby feeding problems on and off for weeks","medium","fussy gassy","Pediatrics"
"hair loss in patches for two weeks","medium","itching scaly scalp","Dermatology"
"chest pain when climbing stairs for ten days","medium","breathlessness fatigue","Cardiology"
"occasional sneezing off and on for months","low","none","ENT"
"mild ear itching for a week","low","none","ENT"
"a little back ache after long sitting","low","none","Orthopedics"
"severe dizziness with fainting for two weeks","high","nausea blurred vision","Neurology"
"ongoing chest pain and pressure for a day","medium","sweating lightheadedness","Cardiology"
"sudden face swelling with hives","high","itching breathing trouble","Dermatology"
"conjunctivitis pink eye since this morning","medium","discharge itching","Ophthalmology"
"slight dandruff occasional","low","none","Dermatology"
"moderate stomach pain recently","medium","nausea","Gastroenterology"
"shortness of breath on exertion off and on for months","medium","fatigue ankle swelling","Cardiology"
"bothering eye pain recently","medium","redness tearing","Ophthalmology"
"seizure and loss of consciousness","high","confusion fatigue","Neurology"
"heartburn and chest burning after eating for two weeks","medium","regurgitation","Gastroenterology"
"occasional constipation for about a week","low","none","Gastroenterology"
"tonsillitis with white spots on throat for a month","medium","fever swallowing pain","ENT"
"occasional bloating after eating","low","none","Gastroenterology"
"thinning hair and bald spots for two days","medium","dry scalp","Dermatology"
"a little headache and fatigue","low","none","General Physician"
"toddler fever and rash on and off for weeks","medium","irritability","Pediatrics"
"irritable bowel alternating diarrhea constipation for several days","medium","bloating","Gastroenterology"
"frequent headaches for a month","medium","nausea fatigue","Neurology"
"heartburn and chest burning after eating recently","medium","regurgitation","Gastroenterology"
"a little redness in eyes after screens","low","none","Ophthalmology"
"child ear infection and crying recently","medium","fever irritability","Pediatrics"
"flashes of light and floaters for a week","high","partial vision loss","Ophthalmology"
"mild itchy skin patch since this morning","low","none","Dermatology"
"fracture wrist pain and swelling","high","bruising numbness","Orthopedics"
"toddler diarrhea and vomiting since this morning","medium","dehydration","Pediatrics"
"sudden worst headache of my life","high","neck stiffness vomiting","Neurology"
"rare mild migraine for three days","low","slight nausea","Neurology"
"cystic acne painful bumps on and off for weeks","medium","scarring","Dermatology"
"kid mild fever for a week","low","none","Pediatrics"
"a little eye strain for a day","low","none","Ophthalmology"
"minor muscle soreness after exercise","low","none","Orthopedics"
"strep throat with fever for several days","medium","painful swallowing","ENT"
"tingling in feet and legs on and off for weeks","medium","numbness","Neurology"
"nightmares and disturbed sleep for two weeks","medium","anxiety","Psychiatry"
"hip pain walking long distances for a week","medium","stiffness","Orthopedics"
"moderate anxiety and worry for a month","medium","restlessness insomnia","Psychiatry"
"child with fever and cough for three days","medium","runny nose body ache","Pediatrics"
"baby wont stop crying and has fever for a few hours","medium","pulling ears","Pediatrics"
"a little knee twinge after stairs","low","none","Orthopedics"
"sudden worst headache of my life","high","neck stiffness vomiting","Neurology"
"cannot sleep insomnia on and off for weeks","medium","anxiety fatigue","Psychiatry"
"bothering anxiety and worry for ten days","medium","restlessness insomnia","Psychiatry"
"dry itchy patches of skin for a few hours","medium","flaking","Dermatology"
"slight knee twinge after stairs","low","none","Orthopedics"
"irregular heartbeat since this morning","medium","fatigue shortness of breath","Cardiology"
"hives and welts for a few hours","medium","itching","Dermatology"
"yellow eyes jaundice off and on for months","medium","dark urine fatigue","Gastroenterology"
"flashes of light and floaters for about a week","high","partial vision loss","Ophthalmology"
"chicken pox rash in child for three days","medium","fever itching","Pediatrics"
"slight runny nose for a month","low","none","General Physician"
"severe chest pressure and tightness for two weeks","high","sweating cold clammy skin","Cardiology"
"child with severe dehydration for a month","high","no urine lethargy","Pediatrics"
"thunderclap headache for two weeks","high","neck stiffness confusion","Neurology"
"nasal congestion blocked nose since this morning","medium","runny nose sneezing","ENT"
"moderate lower back pain for a few hours","medium","stiffness","Orthopedics"
"mild ankle ache after long walk","low","none","Orthopedics"
"low grade headache for a day","low","slight fatigue","Neurology"
"seizure and loss of consciousness","high","confusion fatigue","Neurology"
"slight blurred vision when tired","low","none","Ophthalmology"
"acne breakouts on face on and off for weeks","medium","oily skin","Dermatology"
"ongoing back ache after lifting heavy things","medium","muscle soreness","Orthopedics"
"glaucoma high eye pressure","medium","blurred vision","Ophthalmology"
"frozen shoulder restricted movement off and on for months","medium","stiffness pain","Orthopedics"
"migraine attacks for two days","medium","nausea sensitivity to sound","Neurology"
"double vision on and off for weeks","medium","dizziness","Ophthalmology"
"slight palpitations after caffeine on and off for weeks","low","none","Cardiology"
"dry itchy eyes for about a week","medium","redness","Ophthalmology"
"swollen lymph nodes neck for two weeks","medium","sore throat fever","ENT"
"a little acne since this morning","low","none","Dermatology"
"sudden sharp stomach pain for three days","high","vomiting sweating","Gastroenterology"
"a little sneezing for a month","low","none","ENT"
"dandruff and scalp itching for about a week","medium","flakes","Dermatology"
"vomiting after meals off and on for months","medium","weakness","Gastroenterology"
"constipation and bloating for three days","medium","abdominal discomfort","Gastroenterology"
"not feeling well in general recently","medium","tired low energy","General Physician"
"ringing in ears tinnitus for a month","medium","dizziness","ENT"
"a little muscle soreness after exercise","low","none","Orthopedics"
"dry itchy eyes off and on for months","medium","redness","Ophthalmology"
"a little stress from work for about a week","low","none","Psychiatry"
"conjunctivitis pink eye for about a week","medium","discharge itching","Ophthalmology"
"general health checkup","low","none","General Physician"
"post nasal drip and cough for a few hours","medium","throat irritation","ENT"
"hand tremors since this morning","medium","weakness","Neurology"
"painful skin infection with pus for two days","high","fever swelling","Dermatology"
"grief after losing family member for two weeks","medium","sadness insomnia","Psychiatry"
"occasional acne on and off for weeks","low","none","Dermatology"
"vertigo with ear fullness for about a week","medium","nausea hearing loss","ENT"
"a little numbness in fingertip for two days","low","none","Neurology"
"headache three out of ten for ten days","low","none","Neurology"
"slow heart rate and fainting spells recently","medium","weakness","Cardiology"
"toddler diarrhea and vomiting for a day","medium","dehydration","Pediatrics"
"eye strain from screens for a month","medium","headache dryness","Ophthalmology"
"a little ear itching for a few hours","low","none","ENT"
"severe migraine with aura and vomiting","high","light sensitivity nausea","Neurology"
"minor constipation for two weeks","low","none","Gastroenterology"
"minor headache and fatigue","low","none","General Physician"
"mild fluttering in chest occasionally","low","none","Cardiology"
"numbness and tingling in hands for a week","medium","weakness","Neurology"
"liver pain right upper abdomen for a week","medium","nausea fatigue","Gastroenterology"
"bothering rash on arms and legs for about a week","medium","itching","Dermatology"
"slow heart rate and fainting spells for two days","medium","weakness","Cardiology"
"twisted ankle swelling after football","medium","bruising","Orthopedics"
"a little nervous feeling before exams","low","none","Psychiatry"
"persistent nausea for two days","medium","loss of appetite","Gastroenterology"
"liver pain right upper abdomen on and off for weeks","medium","nausea fatigue","Gastroenterology"
"yellow eyes jaundice for three days","medium","dark urine fatigue","Gastroenterology"
"warts on hands for three days","medium","none","Dermatology"
"minor ear itching for a day","low","none","ENT"
"heart attack symptoms crushing chest pain for a month","high","sweating weakness nausea","Cardiology"
"tension headache for about a week","medium","neck pain shoulder tightness","Neurology"
"minor nervous feeling before exams","low","none","Psychiatry"
"light sensitivity and pain for three days","medium","watering","Ophthalmology"
"kid mild fever off and on for months","low","none","Pediatrics"
"baby vaccination schedule review","medium","none","Pediatrics"
"hives and welts off and on for months","medium","itching","Dermatology"
"ptsd flashbacks and nightmares for a month","medium","anxiety hypervigilance","Psychiatry"
"minor chest discomfort after eating off and on for months","low","bloating","Cardiology"
"swollen ankles and breathlessness for several days","medium","fatigue weight gain","Cardiology"
"skin redness and peeling since this morning","medium","itching","Dermatology"
"persistent headache for weeks","medium","dizziness fatigue","Neurology"
"sinus pressure behind eyes for three days","medium","headache nasal congestion","ENT"
"infant constipation and crying since this morning","medium","gas","Pediatrics"
"angina chest pain on walking for two weeks","high","breathlessness","Cardiology"
"skin allergy with swelling for a week","medium","redness itching","Dermatology"
"constant shoulder pain lifting arm off and on for months","medium","stiffness weakness","Orthopedics"
"annual checkup and general health review","medium","none","General Physician"
"occasional muscle soreness after exercise","low","none","Orthopedics"
"rosacea redness on cheeks for two weeks","medium","flushing","Dermatology"
"elbow pain with tenderness recently","medium","weakness when lifting","Orthopedics"
"migraine attacks for ten days","medium","nausea sensitivity to sound","Neurology"
"warts on hands for about a week","medium","none","Dermatology"
"ongoing eye pain off and on for months","medium","redness tearing","Ophthalmology"
"ringing in ears tinnitus for about a week","medium","dizziness","ENT"
"sudden vision loss one eye","high","eye pain headache","Ophthalmology"
"child asthma wheezing for a month","medium","cough breathing difficulty","Pediatrics"
"fungal infection between toes off and on for months","medium","itching peeling","Dermatology"
"slight indigestion after heavy meal","low","none","Gastroenterology"
"toddler mild cough for a day","low","none","Pediatrics"
"pulled muscle in thigh on and off for weeks","medium","swelling bruising","Orthopedics"
"wrist pain after typing for two days","medium","numbness tingling","Orthopedics"
"sprained ankle swelling recently","medium","limping","Orthopedics"
"child ear infection and crying for two weeks","medium","fever irritability","Pediatrics"
"social anxiety fear of people for two days","medium","avoidance","Psychiatry"
"chronic sinusitis since this morning","medium","nasal discharge headache","ENT"
"suicidal thoughts and hopelessness for a week","high","insomnia appetite loss","Psychiatry"
"hand tremors for several days","medium","weakness","Neurology"
"a little single pimple on chin","low","none","Dermatology"
"wrist pain after typing since yesterday","medium","numbness tingling","Orthopedics"
"toddler not walking yet","medium","developmental concern","Pediatrics"
"memory loss and confusion for two days","medium","disorientation","Neurology"
"minor back ache after long sitting","low","none","Orthopedics"
"constant rash on arms and legs for a week","medium","itching","Dermatology"
"mood swings high and low off and on for months","medium","irritability","Psychiatry"
"thinning hair and bald spots for two weeks","medium","dry scalp","Dermatology"
"bloating and gas after meals for three days","medium","burping","Gastroenterology"
"kid with sore throat and fever since yesterday","medium","cough","Pediatrics"
"viral infection fever and chills for a week","medium","body ache","General Physician"
"severe flu unable to get out of bed for two days","high","fever cough body ache","General Physician"
"laryngitis lost voice recently","medium","sore throat","ENT"
"severe panic attack racing heart and fear of dying","high","sweating shaking","Psychiatry"
"severe abdominal pain cannot move for a day","high","vomiting fever","Gastroenterology"
"flu like symptoms for two days","medium","body ache fatigue","General Physician"
"sinus infection blocked nose and headache for a month","medium","facial pain fatigue","ENT"
"nasal congestion blocked nose off and on for months","medium","runny nose sneezing","ENT"
"bloody stools and abdominal pain since this morning","medium","weakness","Gastroenterology"
"headache and fever off and on for months","medium","body ache","General Physician"
"occasional hoarse voice","low","none","ENT"
"slight redness in eyes after screens","low","none","Ophthalmology"
"minor acne recently","low","none","Dermatology"
"severe rash spreading all over body for a week","high","fever itching","Dermatology"
"child rash with fever for two days","medium","itching","Pediatrics"
"mild feeling tired for several days","low","none","General Physician"
"sciatica shooting pain down leg off and on for months","medium","numbness tingling","Orthopedics"
"rosacea redness on cheeks for two days","medium","flushing","Dermatology"
"bothering headache for two weeks","medium","nausea sensitivity to light","Neurology"
"chest pain severe and unbearable for about a week","high","sweating vomiting","Cardiology"
"loss of interest in hobbies for a day","medium","low mood","Psychiatry"
"diarrhea for three days","medium","dehydration abdominal cramps","Gastroenterology"
"mild heartburn occasionally","low","none","Gastroenterology"
"child growth and developmental checkup","medium","none","Pediatrics"
"scratchy feeling in eye for two days","medium","watering","Ophthalmology"
"food poisoning vomiting and diarrhea for a few hours","medium","fever dehydration","Gastroenterology"
"child rash with fever for a day","medium","itching","Pediatrics"
"a little ankle ache after long walk","low","none","Orthopedics"
"generalized anxiety constant worry for ten days","medium","muscle tension","Psychiatry"
"nose bleed recurrent for ten days","medium","none","ENT"
"minor heartburn occasionally","low","none","Gastroenterology"
"slight feeling tired for a day","low","none","General Physician"
"toddler not walking yet","medium","developmental concern","Pediatrics"
"minor ankle ache after long walk","low","none","Orthopedics"
"sudden numbness one side of body","high","confusion difficulty speaking","Neurology"
"wrist pain after typing for a day","medium","numbness tingling","Orthopedics"
"persistent ear pain and fullness recently","medium","mild hearing loss","ENT"
"heart attack symptoms crushing chest pain for a week","high","sweating weakness nausea","Cardiology"
"nose bleed recurrent for two weeks","medium","none","ENT"
"skin redness and peeling since yesterday","medium","itching","Dermatology"
"kid with sore throat and fever since this morning","medium","cough","Pediatrics"
"flashes of light and floaters for two days","high","partial vision loss","Ophthalmology"
"ringworm circular rash for a week","medium","itching","Dermatology"
"cold and runny nose for ten days","medium","sneezing sore throat","General Physician"
"bothering eczema flare up with itching for two days","medium","dry skin redness","Dermatology"
"irritability and anger outbursts since yesterday","medium","stress","Psychiatry"
"dehydration and weakness since yesterday","medium","dizziness","General Physician"
"knee swelling after running for about a week","medium","pain stiffness","Orthopedics"
"occasional heartburn occasionally","low","none","Gastroenterology"
"ongoing shoulder pain lifting arm off and on for months","medium","stiffness weakness","Orthopedics"
"minor dandruff occasional","low","none","Dermatology"
"slight constipation since yesterday","low","none","Gastroenterology"
"heart palpitations and racing heartbeat for a month","medium","anxiety sweating","Cardiology"
"fever and sore throat since this morning","medium","cough runny nose","General Physician"
